{"chunk_definitions":[{"chunk_id":"csetup_chunk","chunk_label":"setup","document_id":"6AB3DB85","expansion_state":0,"options":{"echo":false,"engine":"r","include":false,"label":"setup"},"row":20,"row_count":1,"visible":true},{"chunk_id":"ckcmssik87g5f","chunk_label":"unnamed-chunk-13","document_id":"6AB3DB85","expansion_state":0,"options":{"echo":false,"engine":"r","label":"unnamed-chunk-13","warning":false},"row":414,"row_count":1,"visible":true},{"chunk_id":"cqylqfc5tbr81","chunk_label":"unnamed-chunk-14","document_id":"6AB3DB85","expansion_state":0,"options":{"echo":false,"engine":"r","label":"unnamed-chunk-10","warning":false},"row":429,"row_count":1,"visible":true},{"chunk_id":"c18z6bdbuy0r3","chunk_label":"unnamed-chunk-15","document_id":"6AB3DB85","expansion_state":0,"options":{"engine":"r","eval":false,"label":"unnamed-chunk-5"},"row":567,"row_count":1,"visible":true}],"default_chunk_options":{},"doc_write_time":1601466916,"working_dir":null}