"Communes";"Codes_Insee";"CUB";"Nb_foyer_fiscal";"Nb_foyer_allocataires";"Foyer_revenu_+50pourc_caf";"pourc_Foyer_revenu_+50pourc_caf";"Foyer_caf_bas_revenu";"pourc_part_foyer_bas_revenu";"Pers_bas_revenu";"NB_pers_couv_ress";"NB_allocataires_ress"
"ABZAC";33001;"NON";1075;303;68;"6.32558139534884";105;"9.76744186046512";251;686;248
"AILLAS";33002;"NON";474;106;23;"4.85232067510549";36;"7.59493670886076";79;234;82
"AMBARES-ET-LAGRAVE";33003;"OUI";8101;2921;733;"9.04826564621652";1027;"12.6774472287372";2689;7182;2412
"AMBES";33004;"OUI";1753;600;156;"8.89903023388477";220;"12.5499144324016";569;1453;505
"ANDERNOS-LES-BAINS";33005;"NON";7218;1401;295;"4.08700471044611";467;"6.46993627043502";888;2541;1006
"ANGLADE";33006;"NON";507;111;36;"7.10059171597633";49;"9.66469428007889";117;266;95
"ARBANATS";33007;"NON";605;159;13;"2.14876033057851";31;"5.12396694214876";81;441;132
"ARBIS";33008;"NON";145;38;6;"4.13793103448276";11;"7.58620689655172";33;96;28
"ARCACHON";33009;"NON";8460;1700;474;"5.60283687943262";669;"7.90780141843972";1183;2318;1174
"ARCINS";33010;"NON";230;54;5;"2.17391304347826";11;"4.78260869565217";27;142;43
"ARES";33011;"NON";3952;791;132;"3.34008097165992";215;"5.44028340080972";438;1576;586
"ARSAC";33012;"NON";1722;423;36;"2.09059233449477";65;"3.7746806039489";160;897;267
"ARTIGUES-PRES-BORDEAUX";33013;"OUI";4454;1314;253;"5.68028738212842";390;"8.75617422541536";904;3063;1076
"LES ARTIGUES-DE-LUSSAC";33014;"NON";598;144;19;"3.17725752508361";30;"5.01672240802676";67;344;111
"ARVEYRES";33015;"NON";1100;272;64;"5.81818181818182";80;"7.27272727272727";164;602;206
"ASQUES";33016;"NON";251;59;7;"2.78884462151394";13;"5.1792828685259";29;140;44
"AUBIAC";33017;"NON";142;33;0;0;11;"7.74647887323944";28;88;28
"AUBIE-ET-ESPESSAS";33018;"NON";659;188;26;"3.9453717754173";52;"7.8907435508346";127;474;151
"AUDENGE";33019;"NON";4253;1135;189;"4.44392193745591";320;"7.52410063484599";745;2483;886
"AURIOLLES";33020;"NON";72;13;0;0;;0;;;6
"AUROS";33021;"NON";565;152;23;"4.07079646017699";32;"5.66371681415929";86;382;123
"AVENSAN";33022;"NON";1413;355;31;"2.19391365888181";62;"4.38782731776362";169;977;284
"AYGUEMORTE-LES-GRAVES";33023;"NON";601;151;15;"2.49584026622296";31;"5.15806988352745";75;362;114
"BAGAS";33024;"NON";139;45;0;0;11;"7.9136690647482";20;107;34
"BAIGNEAUX";33025;"NON";193;63;6;"3.10880829015544";12;"6.21761658031088";26;156;46
"BALIZAC";33026;"NON";259;79;5;"1.93050193050193";18;"6.94980694980695";46;211;66
"BARIE";33027;"NON";159;39;0;0;19;"11.9496855345912";49;98;32
"BARON";33028;"NON";573;184;29;"5.06108202443281";47;"8.20244328097731";108;473;144
"LE BARP";33029;"NON";2619;841;96;"3.66552119129439";140;"5.34555173730432";337;2081;650
"BARSAC";33030;"NON";1209;295;73;"6.03804797353184";108;"8.93300248138958";234;694;249
"BASSANNE";33031;"NON";53;13;0;0;;0;;37;10
"BASSENS";33032;"OUI";3982;1350;325;"8.16172777498744";510;"12.8076343545957";1248;2953;1060
"BAURECH";33033;"NON";439;101;12;"2.73348519362187";22;"5.01138952164009";57;240;74
"BAYAS";33034;"NON";251;58;15;"5.97609561752988";21;"8.36653386454183";46;124;47
"BAYON-SUR-GIRONDE";33035;"NON";428;93;20;"4.67289719626168";38;"8.8785046728972";97;223;78
"BAZAS";33036;"NON";2871;865;238;"8.28979449669105";334;"11.6335771508185";729;1608;651
"BEAUTIRAN";33037;"NON";1164;292;43;"3.69415807560137";72;"6.18556701030928";173;671;213
"BEGADAN";33038;"NON";559;86;24;"4.29338103756708";37;"6.61896243291592";84;204;73
"BEGLES";33039;"OUI";15779;5270;1230;"7.79517079662843";1838;"11.6483934343114";3856;9549;3973
"BEGUEY";33040;"NON";648;187;41;"6.32716049382716";61;"9.41358024691358";149;435;154
"BELIN-BELIET";33042;"NON";2684;820;127;"4.7317436661699";224;"8.34575260804769";558;2070;655
"BELLEBAT";33043;"NON";126;29;0;0;8;"6.34920634920635";26;82;25
"BELLEFOND";33044;"NON";142;34;0;0;13;"9.15492957746479";23;68;27
"BELVES-DE-CASTILLON";33045;"NON";178;34;0;0;7;"3.93258426966292";23;81;26
"BERNOS-BEAULAC";33046;"NON";628;148;33;"5.25477707006369";57;"9.07643312101911";156;354;121
"BERSON";33047;"NON";964;222;35;"3.63070539419087";65;"6.74273858921162";175;550;177
"BERTHEZ";33048;"NON";126;25;0;0;5;"3.96825396825397";;57;18
"BEYCHAC-ET-CAILLAU";33049;"NON";1125;271;34;"3.02222222222222";67;"5.95555555555556";162;666;216
"BIEUJAC";33050;"NON";274;79;21;"7.66423357664234";30;"10.9489051094891";99;210;62
"BIGANOS";33051;"NON";5645;1522;250;"4.42869796279894";427;"7.56421612046058";936;3557;1219
"LES BILLAUX";33052;"NON";637;153;22;"3.45368916797488";39;"6.12244897959184";93;375;122
"BIRAC";33053;"NON";117;23;0;0;10;"8.54700854700855";24;58;18
"BLAIGNAC";33054;"NON";155;32;0;0;5;"3.2258064516129";;73;21
"BLAIGNAN";33055;"NON";145;26;0;0;9;"6.20689655172414";;52;20
"BLANQUEFORT";33056;"OUI";8304;2546;528;"6.35838150289017";752;"9.05587668593449";1664;4831;1813
"BLASIMON";33057;"NON";517;99;31;"5.99613152804642";41;"7.93036750483559";97;221;81
"BLAYE";33058;"NON";3065;1162;370;"12.0717781402936";475;"15.4975530179445";1027;2061;869
"BLESIGNAC";33059;"NON";141;45;0;0;8;"5.67375886524823";20;102;32
"BOMMES";33060;"NON";259;61;5;"1.93050193050193";16;"6.17760617760618";42;131;43
"BONNETAN";33061;"NON";450;116;10;"2.22222222222222";25;"5.55555555555556";59;268;82
"BONZAC";33062;"NON";412;106;20;"4.85436893203883";32;"7.76699029126214";70;233;77
"BORDEAUX";33063;"OUI";143374;73846;18347;"12.7966018943463";24095;"16.8056969882963";41849;86710;43040
"BOSSUGAN";33064;"NON";26;0;0;0;;0;;;
"BOULIAC";33065;"OUI";1658;370;44;"2.65379975874548";73;"4.40289505428227";143;751;238
"BOURDELLES";33066;"NON";67;12;5;"7.46268656716418";;0;;36;11
"BOURG";33067;"NON";1310;430;119;"9.08396946564885";181;"13.8167938931298";418;853;338
"BOURIDEYS";33068;"NON";44;12;0;0;;0;;23;9
"LE BOUSCAT";33069;"OUI";14047;3938;810;"5.76635580551007";1212;"8.62817683491137";2448;7101;2851
"BRACH";33070;"NON";266;84;5;"1.8796992481203";14;"5.26315789473684";36;265;75
"BRANNE";33071;"NON";747;230;45;"6.02409638554217";65;"8.70147255689424";173;484;163
"BRANNENS";33072;"NON";101;30;0;0;9;"8.91089108910891";34;101;26
"BRAUD-ET-SAINT-LOUIS";33073;"NON";897;265;97;"10.8138238573021";116;"12.9319955406912";233;546;214
"BROUQUEYRAN";33074;"NON";100;24;0;0;8;8;25;61;18
"BRUGES";33075;"OUI";9768;2778;448;"4.58640458640459";699;"7.15601965601966";1350;5443;2103
"BUDOS";33076;"NON";425;85;0;0;15;"3.52941176470588";32;219;69
"CABANAC-ET-VILLAGRAINS";33077;"NON";1108;346;30;"2.70758122743682";60;"5.41516245487365";154;890;271
"CABARA";33078;"NON";238;55;0;0;12;"5.04201680672269";32;162;45
"CADARSAC";33079;"NON";169;34;0;0;;0;;89;27
"CADAUJAC";33080;"NON";3290;805;107;"3.25227963525836";200;"6.0790273556231";446;1827;627
"CADILLAC";33081;"NON";1687;666;273;"16.1825726141079";299;"17.7237700059277";552;1189;555
"CADILLAC-EN-FRONSADAIS";33082;"NON";643;192;17;"2.64385692068429";42;"6.53188180404355";104;480;153
"CAMARSAC";33083;"NON";484;119;8;"1.65289256198347";29;"5.99173553719008";72;273;85
"CAMBES";33084;"NON";762;198;29;"3.80577427821522";51;"6.69291338582677";113;409;142
"CAMBLANES-ET-MEYNAC";33085;"NON";1480;422;77;"5.2027027027027";80;"5.40540540540541";173;854;311
"CAMIAC-ET-SAINT-DENIS";33086;"NON";182;57;0;0;8;"4.3956043956044";25;128;39
"CAMIRAN";33087;"NON";249;52;6;"2.40963855421687";20;"8.03212851405623";42;112;43
"CAMPS-SUR-L'ISLE";33088;"NON";313;88;27;"8.62619808306709";39;"12.4600638977636";122;249;76
"CAMPUGNAN";33089;"NON";282;74;21;"7.4468085106383";29;"10.2836879432624";73;182;62
"CANEJAN";33090;"NON";2770;855;110;"3.97111913357401";183;"6.60649819494585";322;1296;495
"CANTENAC";33091;"NON";728;171;26;"3.57142857142857";45;"6.18131868131868";115;458;140
"CANTOIS";33092;"NON";116;23;0;0;;0;;63;17
"CAPIAN";33093;"NON";383;72;7;"1.82767624020888";15;"3.91644908616188";30;151;52
"CAPLONG";33094;"NON";132;26;0;0;11;"8.33333333333333";21;47;19
"CAPTIEUX";33095;"NON";835;162;39;"4.67065868263473";62;"7.4251497005988";164;344;121
"CARBON-BLANC";33096;"OUI";4024;1115;200;"4.97017892644135";340;"8.4493041749503";845;2519;855
"CARCANS";33097;"NON";1537;330;62;"4.03383214053351";107;"6.96161353285621";222;823;284
"CARDAN";33098;"NON";268;59;7;"2.61194029850746";17;"6.34328358208955";46;164;52
"CARIGNAN-DE-BORDEAUX";33099;"NON";1980;564;100;"5.05050505050505";103;"5.2020202020202";233;1124;390
"CARS";33100;"NON";639;145;30;"4.69483568075117";47;"7.35524256651017";112;382;125
"CARTELEGUE";33101;"NON";667;190;51;"7.64617691154423";70;"10.4947526236882";189;499;160
"CASSEUIL";33102;"NON";236;42;6;"2.54237288135593";17;"7.20338983050848";50;120;39
"CASTELMORON-D'ALBRET";33103;"NON";30;10;0;0;;0;;;8
"CASTELNAU-DE-MEDOC";33104;"NON";2461;727;125;"5.07923608289313";199;"8.08614384396587";489;1774;592
"CASTELVIEL";33105;"NON";103;15;0;0;;0;;46;13
"CASTETS-EN-DORTHE";33106;"NON";675;189;38;"5.62962962962963";62;"9.18518518518519";137;461;157
"CASTILLON-DE-CASTETS";33107;"NON";145;51;7;"4.82758620689655";17;"11.7241379310345";50;136;40
"CASTILLON-LA-BATAILLE";33108;"NON";1989;691;295;"14.8315736551031";340;"17.0940170940171";760;1176;518
"CASTRES-GIRONDE";33109;"NON";1109;312;20;"1.8034265103697";56;"5.04959422903517";133;737;225
"CAUDROT";33111;"NON";674;197;44;"6.52818991097923";65;"9.64391691394659";173;460;151
"CAUMONT";33112;"NON";85;24;7;"8.23529411764706";;0;38;47;20
"CAUVIGNAC";33113;"NON";71;19;0;0;;0;;57;16
"CAVIGNAC";33114;"NON";1033;383;89;"8.61568247821878";150;"14.5208131655373";365;911;333
"CAZALIS";33115;"NON";146;27;6;"4.10958904109589";11;"7.53424657534247";23;64;26
"CAZATS";33116;"NON";194;48;0;0;9;"4.63917525773196";20;125;37
"CAZAUGITAT";33117;"NON";130;20;0;0;9;"6.92307692307692";27;47;15
"CENAC";33118;"NON";930;201;24;"2.58064516129032";46;"4.94623655913979";105;413;127
"CENON";33119;"OUI";13173;5798;1980;"15.0307447050786";2636;"20.0106277992864";6443;11290;4477
"CERONS";33120;"NON";1122;351;41;"3.6541889483066";86;"7.66488413547237";229;892;274
"CESSAC";33121;"NON";113;22;0;0;7;"6.19469026548673";;63;19
"CESTAS";33122;"NON";8980;1926;228;"2.53897550111359";347;"3.8641425389755";751;3546;1189
"CEZAC";33123;"NON";1306;394;55;"4.21133231240429";100;"7.65696784073507";264;1147;350
"CHAMADELLE";33124;"NON";355;88;19;"5.35211267605634";28;"7.88732394366197";77;210;67
"CISSAC-MEDOC";33125;"NON";1100;247;55;5;79;"7.18181818181818";199;649;209
"CIVRAC-DE-BLAYE";33126;"NON";411;109;21;"5.10948905109489";29;"7.05596107055961";77;298;87
"CIVRAC-SUR-DORDOGNE";33127;"NON";135;23;0;0;7;"5.18518518518519";20;58;18
"CIVRAC-EN-MEDOC";33128;"NON";358;70;13;"3.63128491620112";22;"6.14525139664804";48;169;58
"CLEYRAC";33129;"NON";92;20;0;0;5;"5.43478260869565";;48;17
"COIMERES";33130;"NON";493;132;17;"3.44827586206897";33;"6.69371196754564";100;337;101
"COIRAC";33131;"NON";115;20;0;0;6;"5.21739130434783";;51;17
"COMPS";33132;"NON";268;69;15;"5.59701492537313";25;"9.32835820895522";49;186;61
"COUBEYRAC";33133;"NON";49;0;0;0;;0;;;
"COUQUEQUES";33134;"NON";142;29;0;0;7;"4.92957746478873";26;89;25
"COURPIAC";33135;"NON";71;15;0;0;;0;;38;14
"COURS-DE-MONSEGUR";33136;"NON";144;34;5;"3.47222222222222";12;"8.33333333333333";25;88;29
"COURS-LES-BAINS";33137;"NON";117;23;0;0;6;"5.12820512820513";;56;19
"COUTRAS";33138;"NON";4964;1583;487;"9.81063658340048";675;"13.5979049153908";1619;3369;1278
"COUTURES";33139;"NON";43;10;0;0;;0;;33;9
"CREON";33140;"NON";2551;877;122;"4.78243825950608";239;"9.36887495099961";537;1739;636
"CROIGNON";33141;"NON";288;68;0;0;14;"4.86111111111111";44;177;50
"CUBNEZAIS";33142;"NON";737;209;35;"4.74898236092266";55;"7.46268656716418";145;566;172
"CUBZAC-LES-PONTS";33143;"NON";1319;405;82;"6.21683093252464";128;"9.70432145564822";327;1019;345
"CUDOS";33144;"NON";425;122;25;"5.88235294117647";43;"10.1176470588235";121;301;96
"CURSAN";33145;"NON";302;72;0;0;9;"2.98013245033113";20;226;61
"CUSSAC-FORT-MEDOC";33146;"NON";1071;329;53;"4.94864612511671";83;"7.74976657329599";206;926;275
"DAIGNAC";33147;"NON";243;63;6;"2.46913580246914";13;"5.34979423868313";25;146;48
"DARDENAC";33148;"NON";50;12;0;0;;0;;26;9
"DAUBEZE";33149;"NON";79;20;0;0;6;"7.59493670886076";;48;15
"DIEULIVOL";33150;"NON";150;17;0;0;7;"4.66666666666667";;48;16
"DONNEZAC";33151;"NON";502;126;31;"6.17529880478088";51;"10.1593625498008";133;341;110
"DONZAC";33152;"NON";71;11;0;0;;0;;36;10
"DOULEZON";33153;"NON";162;35;6;"3.7037037037037";14;"8.64197530864197";31;77;28
"LES EGLISOTTES-ET-CHALAURES";33154;"NON";1173;380;169;"14.4075021312873";216;"18.4143222506394";627;1018;338
"ESCAUDES";33155;"NON";103;16;0;0;7;"6.79611650485437";;34;15
"ESCOUSSANS";33156;"NON";171;42;0;0;10;"5.84795321637427";27;104;30
"ESPIET";33157;"NON";356;94;7;"1.96629213483146";18;"5.0561797752809";34;273;76
"LES ESSEINTES";33158;"NON";136;21;0;0;;0;;58;19
"ETAULIERS";33159;"NON";903;243;79;"8.74861572535991";97;"10.7419712070875";209;536;205
"EYNESSE";33160;"NON";320;64;21;"6.5625";32;10;76;151;56
"EYRANS";33161;"NON";428;118;24;"5.60747663551402";46;"10.7476635514019";105;290;103
"EYSINES";33162;"OUI";12415;3857;892;"7.18485702778897";1298;"10.4550946435763";2876;7653;2990
"FALEYRAS";33163;"NON";232;51;12;"5.17241379310345";15;"6.46551724137931";34;129;41
"FARGUES";33164;"NON";926;210;43;"4.64362850971922";71;"7.66738660907127";180;521;170
"FARGUES-SAINT-HILAIRE";33165;"NON";1610;391;48;"2.98136645962733";89;"5.52795031055901";195;760;273
"LE FIEU";33166;"NON";279;70;6;"2.1505376344086";23;"8.24372759856631";60;190;60
"FLOIRAC";33167;"OUI";9706;3691;1103;"11.3641046775191";1520;"15.6604162373789";3585;7821;3025
"FLAUJAGUES";33168;"NON";350;68;19;"5.42857142857143";30;"8.57142857142857";77;174;63
"FLOUDES";33169;"NON";50;8;0;0;;0;;25;7
"FONTET";33170;"NON";404;103;24;"5.94059405940594";39;"9.65346534653465";109;261;79
"FOSSES-ET-BALEYSSAC";33171;"NON";122;13;0;0;;0;;33;10
"FOURS";33172;"NON";162;36;7;"4.32098765432099";12;"7.40740740740741";28;94;31
"FRANCS";33173;"NON";110;19;0;0;9;"8.18181818181818";;43;16
"FRONSAC";33174;"NON";657;134;22;"3.34855403348554";49;"7.45814307458143";121;294;103
"FRONTENAC";33175;"NON";415;111;18;"4.33734939759036";36;"8.67469879518072";98;309;94
"GABARNAC";33176;"NON";185;35;0;0;11;"5.94594594594595";26;83;29
"GAILLAN-EN-MEDOC";33177;"NON";1337;261;70;"5.23560209424084";111;"8.30216903515333";279;664;223
"GAJAC";33178;"NON";244;54;7;"2.86885245901639";25;"10.2459016393443";69;137;44
"GALGON";33179;"NON";1652;402;66;"3.99515738498789";116;"7.02179176755448";299;1012;331
"GANS";33180;"NON";107;16;0;0;7;"6.54205607476635";;26;12
"GARDEGAN-ET-TOURTIRAC";33181;"NON";165;32;0;0;8;"4.84848484848485";24;78;25
"GAURIAC";33182;"NON";460;98;25;"5.43478260869565";32;"6.95652173913043";81;243;82
"GAURIAGUET";33183;"NON";574;169;16;"2.78745644599303";42;"7.31707317073171";114;491;140
"GENERAC";33184;"NON";320;68;11;"3.4375";15;"4.6875";40;171;51
"GENISSAC";33185;"NON";987;268;42;"4.25531914893617";69;"6.99088145896657";180;577;189
"GENSAC";33186;"NON";486;105;30;"6.17283950617284";45;"9.25925925925926";108;224;82
"GIRONDE-SUR-DROPT";33187;"NON";754;206;57;"7.55968169761273";86;"11.4058355437666";203;447;169
"GISCOS";33188;"NON";111;22;0;0;;0;;52;16
"GORNAC";33189;"NON";225;53;0;0;16;"7.11111111111111";42;144;47
"GOUALADE";33190;"NON";52;12;0;0;;0;;34;10
"GOURS";33191;"NON";274;63;9;"3.28467153284672";21;"7.66423357664234";59;180;55
"GRADIGNAN";33192;"OUI";13408;4842;878;"6.54832935560859";1310;"9.77028639618138";2535;6834;2879
"GRAYAN-ET-L'HOPITAL";33193;"NON";868;148;40;"4.60829493087558";70;"8.06451612903226";157;358;128
"GREZILLAC";33194;"NON";382;72;5;"1.30890052356021";15;"3.92670157068063";40;157;48
"GRIGNOLS";33195;"NON";694;168;51;"7.34870317002882";67;"9.65417867435158";158;305;116
"GUILLAC";33196;"NON";95;14;0;0;;0;;35;11
"GUILLOS";33197;"NON";238;61;11;"4.6218487394958";21;"8.82352941176471";60;166;50
"GUITRES";33198;"NON";942;336;97;"10.2972399150743";140;"14.8619957537155";331;754;275
"GUJAN-MESTRAS";33199;"NON";12171;2894;605;"4.97083230630187";981;"8.06014296278038";2065;5856;2262
"LE HAILLAN";33200;"OUI";5765;1616;302;"5.23850823937554";472;"8.18733738074588";1011;3328;1250
"HAUX";33201;"NON";441;101;16;"3.6281179138322";28;"6.34920634920635";66;232;81
"HOSTENS";33202;"NON";728;239;50;"6.86813186813187";78;"10.7142857142857";182;628;202
"HOURTIN";33203;"NON";2152;516;120;"5.57620817843866";200;"9.29368029739777";463;1185;430
"HURE";33204;"NON";291;62;5;"1.71821305841924";16;"5.49828178694158";42;144;47
"ILLATS";33205;"NON";777;186;21;"2.7027027027027";38;"4.89060489060489";84;475;146
"ISLE-SAINT-GEORGES";33206;"NON";315;61;6;"1.90476190476191";18;"5.71428571428571";40;140;48
"IZON";33207;"NON";2715;788;81;"2.98342541436464";176;"6.48250460405157";481;2019;594
"JAU-DIGNAC-ET-LOIRAC";33208;"NON";621;104;32;"5.15297906602254";43;"6.92431561996779";108;230;82
"JUGAZAN";33209;"NON";155;38;0;0;9;"5.80645161290323";25;95;28
"JUILLAC";33210;"NON";133;26;0;0;9;"6.76691729323308";20;66;22
"LABARDE";33211;"NON";334;81;9;"2.69461077844311";21;"6.2874251497006";50;191;63
"LABESCAU";33212;"NON";57;19;0;0;9;"15.7894736842105";22;46;15
"LA BREDE";33213;"NON";2189;538;39;"1.78163544997716";92;"4.20283234353586";210;1173;357
"LACANAU";33214;"NON";3247;763;148;"4.55805358792732";269;"8.28457037265168";558;1570;597
"LADAUX";33215;"NON";110;17;0;0;5;"4.54545454545455";;34;13
"LADOS";33216;"NON";95;20;0;0;6;"6.31578947368421";;51;16
"LAGORCE";33218;"NON";871;227;59;"6.77382319173364";83;"9.5292766934558";221;608;195
"LA LANDE-DE-FRONSAC";33219;"NON";1233;316;40;"3.2441200324412";68;"5.51500405515004";160;757;236
"LAMARQUE";33220;"NON";700;172;30;"4.28571428571429";56;8;163;438;133
"LAMOTHE-LANDERRON";33221;"NON";638;165;48;"7.52351097178683";73;"11.4420062695925";209;403;134
"LALANDE-DE-POMEROL";33222;"NON";348;62;14;"4.02298850574713";14;"4.02298850574713";34;140;45
"LANDERROUAT";33223;"NON";111;14;0;0;7;"6.30630630630631";;33;13
"LANDERROUET-SUR-SEGUR";33224;"NON";57;9;0;0;;0;;23;7
"LANDIRAS";33225;"NON";1180;339;55;"4.66101694915254";83;"7.03389830508475";219;876;276
"LANGOIRAN";33226;"NON";1315;392;88;"6.69201520912548";128;"9.73384030418251";282;857;305
"LANGON";33227;"NON";4954;1806;628;"12.6766249495357";815;"16.4513524424707";1817;3208;1409
"LANSAC";33228;"NON";391;84;10;"2.55754475703325";28;"7.16112531969309";80;233;75
"LANTON";33229;"NON";4321;896;166;"3.84170330941912";272;"6.29483915760241";583;1815;668
"LAPOUYADE";33230;"NON";272;70;8;"2.94117647058823";24;"8.82352941176471";56;168;60
"LAROQUE";33231;"NON";149;19;0;0;;0;;38;14
"LARTIGUE";33232;"NON";26;5;0;0;;0;;;
"LARUSCADE";33233;"NON";1329;459;89;"6.69676448457487";146;"10.9857035364936";411;1305;401
"LATRESNE";33234;"NON";1870;470;64;"3.42245989304813";113;"6.0427807486631";241;909;323
"LAVAZAN";33235;"NON";127;34;12;"9.44881889763779";18;"14.1732283464567";45;96;31
"LEGE-CAP-FERRET";33236;"NON";5574;1065;211;"3.78543236454969";324;"5.81270182992465";686;2152;809
"LEOGEATS";33237;"NON";438;106;18;"4.10958904109589";27;"6.16438356164384";51;262;85
"LEOGNAN";33238;"NON";5247;1332;176;"3.35429769392034";293;"5.58414331999238";606;2738;923
"LERM-ET-MUSSET";33239;"NON";270;69;23;"8.51851851851852";34;"12.5925925925926";73;150;59
"LESPARRE-MEDOC";33240;"NON";3614;1141;460;"12.7282789153293";595;"16.4637520752629";1353;2286;943
"LESTIAC-SUR-GARONNE";33241;"NON";341;104;31;"9.09090909090909";39;"11.4369501466276";83;240;88
"LES LEVES-ET-THOUMEYRAGUES";33242;"NON";330;61;17;"5.15151515151515";29;"8.78787878787879";66;136;51
"LIBOURNE";33243;"NON";14944;5418;1851;"12.3862419700214";2255;"15.0896680942184";4788;9561;4202
"LIGNAN-DE-BAZAS";33244;"NON";203;56;5;"2.46305418719212";16;"7.88177339901478";45;160;49
"LIGNAN-DE-BORDEAUX";33245;"NON";398;90;5;"1.25628140703518";17;"4.2713567839196";40;177;55
"LIGUEUX";33246;"NON";87;18;0;0;6;"6.89655172413793";;47;16
"LISTRAC-DE-DUREZE";33247;"NON";96;19;0;0;7;"7.29166666666667";22;54;16
"LISTRAC-MEDOC";33248;"NON";1385;408;53;"3.82671480144404";101;"7.29241877256318";278;1120;343
"LORMONT";33249;"OUI";11422;5178;1821;"15.942917177377";2432;"21.2922430397479";6056;10763;4201
"LOUBENS";33250;"NON";172;33;5;"2.90697674418605";12;"6.97674418604651";32;80;28
"LOUCHATS";33251;"NON";354;105;18;"5.08474576271187";38;"10.7344632768362";87;284;89
"LOUPES";33252;"NON";353;91;0;0;10;"2.8328611898017";20;215;63
"LOUPIAC";33253;"NON";621;135;16;"2.57648953301127";28;"4.50885668276973";74;376;113
"LOUPIAC-DE-LA-REOLE";33254;"NON";240;56;9;"3.75";23;"9.58333333333333";55;153;47
"LUCMAU";33255;"NON";136;32;0;0;11;"8.08823529411765";25;79;26
"LUDON-MEDOC";33256;"NON";2278;595;63;"2.76558384547849";118;"5.17998244073749";275;1412;440
"LUGAIGNAC";33257;"NON";218;57;0;0;6;"2.75229357798165";;166;48
"LUGASSON";33258;"NON";174;31;0;0;8;"4.59770114942529";;87;27
"LUGON-ET-L'ILE-DU-CARNAY";33259;"NON";617;147;21;"3.40356564019449";41;"6.645056726094";106;376;125
"LUGOS";33260;"NON";450;119;19;"4.22222222222222";30;"6.66666666666667";75;311;91
"LUSSAC";33261;"NON";730;143;35;"4.79452054794521";57;"7.80821917808219";124;315;120
"MACAU";33262;"NON";2101;587;81;"3.85530699666825";150;"7.13945740123751";353;1467;474
"MADIRAC";33263;"NON";102;26;0;0;;0;;54;17
"MARANSIN";33264;"NON";557;134;26;"4.66786355475763";54;"9.69479353680431";139;357;116
"MARCENAIS";33266;"NON";379;98;18;"4.74934036939314";29;"7.65171503957784";69;258;81
"MARCILLAC";33267;"NON";655;141;48;"7.32824427480916";68;"10.381679389313";177;377;127
"MARGAUX";33268;"NON";867;234;41;"4.72895040369089";59;"6.80507497116494";158;589;183
"MARGUERON";33269;"NON";221;40;6;"2.71493212669683";16;"7.23981900452489";49;99;30
"MARIMBAULT";33270;"NON";90;25;0;0;;0;;66;19
"MARIONS";33271;"NON";117;25;0;0;;0;33;43;15
"MARSAS";33272;"NON";591;166;21;"3.55329949238579";34;"5.75296108291032";93;454;133
"MARTIGNAS-SUR-JALLE";33273;"OUI";3628;1011;133;"3.66593164277839";179;"4.93384785005513";389;2204;717
"MARTILLAC";33274;"NON";1426;384;40;"2.80504908835905";67;"4.6984572230014";186;853;255
"MARTRES";33275;"NON";65;14;0;0;6;"9.23076923076923";;40;13
"MASSEILLES";33276;"NON";80;15;0;0;;0;;31;11
"MASSUGAS";33277;"NON";139;21;0;0;11;"7.9136690647482";35;61;17
"MAURIAC";33278;"NON";156;20;0;0;6;"3.84615384615385";;47;14
"MAZERES";33279;"NON";364;96;9;"2.47252747252747";24;"6.59340659340659";70;250;74
"MAZION";33280;"NON";287;61;11;"3.83275261324042";20;"6.96864111498258";53;151;49
"MERIGNAC";33281;"OUI";40240;12782;2688;"6.67992047713718";3993;"9.92296222664016";8192;22271;9093
"MERIGNAS";33282;"NON";176;20;0;0;;0;;65;19
"MESTERRIEUX";33283;"NON";105;27;0;0;7;"6.66666666666667";;57;22
"MIOS";33284;"NON";4495;1331;124;"2.75862068965517";259;"5.76195773081201";610;3445;1047
"MOMBRIER";33285;"NON";228;49;7;"3.07017543859649";14;"6.14035087719298";28;117;38
"MONGAUZY";33287;"NON";340;70;22;"6.47058823529412";27;"7.94117647058823";74;177;58
"MONPRIMBLANC";33288;"NON";161;31;0;0;15;"9.3167701863354";38;74;25
"MONSEGUR";33289;"NON";986;305;114;"11.5618661257607";134;"13.5902636916836";244;460;215
"MONTAGNE";33290;"NON";828;164;23;"2.77777777777778";43;"5.19323671497585";107;390;126
"MONTAGOUDIN";33291;"NON";97;22;5;"5.15463917525773";7;"7.21649484536082";27;59;16
"MONTIGNAC";33292;"NON";70;17;0;0;5;"7.14285714285714";;57;15
"MONTUSSAN";33293;"NON";1706;493;80;"4.68933177022274";125;"7.32708089097304";279;1002;354
"MORIZES";33294;"NON";292;69;16;"5.47945205479452";26;"8.9041095890411";72;194;63
"MOUILLAC";33295;"NON";53;14;0;0;;0;;26;11
"MOULIETS-ET-VILLEMARTIN";33296;"NON";586;116;34;"5.80204778156997";44;"7.50853242320819";126;259;89
"MOULIS-EN-MEDOC";33297;"NON";941;256;33;"3.50690754516472";57;"6.05738575982997";144;708;207
"MOULON";33298;"NON";546;103;21;"3.84615384615385";38;"6.95970695970696";91;252;86
"MOURENS";33299;"NON";225;40;0;0;9;4;28;95;30
"NAUJAC-SUR-MER";33300;"NON";603;118;22;"3.64842454394693";35;"5.80431177446103";78;310;105
"NAUJAN-ET-POSTIAC";33301;"NON";288;69;6;"2.08333333333333";20;"6.94444444444444";45;150;51
"NEAC";33302;"NON";227;53;13;"5.72687224669604";19;"8.37004405286344";39;100;38
"NERIGEAN";33303;"NON";488;105;21;"4.30327868852459";33;"6.76229508196721";84;237;83
"NEUFFONS";33304;"NON";89;22;0;0;7;"7.86516853932584";;53;17
"LE NIZAN";33305;"NON";281;66;0;0;16;"5.69395017793594";49;140;47
"NOAILLAC";33306;"NON";226;50;8;"3.53982300884956";17;"7.52212389380531";39;104;38
"NOAILLAN";33307;"NON";870;230;44;"5.05747126436782";71;"8.16091954022989";202;688;198
"OMET";33308;"NON";145;34;5;"3.44827586206897";9;"6.20689655172414";;92;30
"ORDONNAC";33309;"NON";278;56;10;"3.59712230215827";28;"10.0719424460432";74;149;50
"ORIGNE";33310;"NON";104;31;6;"5.76923076923077";14;"13.4615384615385";34;88;27
"PAILLET";33311;"NON";675;185;28;"4.14814814814815";58;"8.59259259259259";126;441;153
"PAREMPUYRE";33312;"OUI";4388;1172;163;"3.71467639015497";297;"6.76845943482224";675;2596;865
"PAUILLAC";33314;"NON";2892;694;245;"8.4716459197787";333;"11.5145228215768";743;1411;574
"LES PEINTURES";33315;"NON";890;243;82;"9.21348314606742";122;"13.7078651685393";339;647;215
"PELLEGRUE";33316;"NON";607;123;37;"6.09555189456343";53;"8.73146622734761";119;271;99
"PERISSAC";33317;"NON";601;158;28;"4.65890183028286";53;"8.81863560732113";125;381;127
"PESSAC";33318;"OUI";31984;13431;2288;"7.1535767883942";3341;"10.445847923962";7063;19005;7448
"PESSAC-SUR-DORDOGNE";33319;"NON";270;50;17;"6.2962962962963";26;"9.62962962962963";68;118;41
"PETIT-PALAIS-ET-CORNEMPS";33320;"NON";387;86;16;"4.1343669250646";27;"6.97674418604651";71;231;72
"PEUJARD";33321;"NON";1040;296;39;"3.75";78;"7.5";207;792;235
"LE PIAN-MEDOC";33322;"NON";3292;815;125;"3.79708383961118";200;"6.07533414337789";484;1935;615
"LE PIAN-SUR-GARONNE";33323;"NON";438;107;13;"2.96803652968036";25;"5.70776255707763";70;300;85
"PINEUILH";33324;"NON";2532;700;230;"9.08372827804107";332;"13.1121642969984";746;1388;567
"PLASSAC";33325;"NON";522;102;22;"4.21455938697318";37;"7.08812260536399";90;204;73
"PLEINE-SELVE";33326;"NON";119;24;0;0;14;"11.7647058823529";31;53;21
"PODENSAC";33327;"NON";1666;570;84;"5.04201680672269";149;"8.94357743097239";347;1142;384
"POMEROL";33328;"NON";399;88;21;"5.26315789473684";28;"7.01754385964912";55;163;65
"POMPEJAC";33329;"NON";152;34;0;0;10;"6.57894736842105";25;84;27
"POMPIGNAC";33330;"NON";1455;309;32;"2.19931271477663";54;"3.71134020618557";122;688;206
"PONDAURAT";33331;"NON";246;60;0;0;15;"6.09756097560976";46;178;50
"PORCHERES";33332;"NON";495;110;23;"4.64646464646465";39;"7.87878787878788";109;293;88
"LE PORGE";33333;"NON";1571;422;42;"2.67345639719924";103;"6.55633354551241";260;1090;338
"PORTETS";33334;"NON";1421;378;45;"3.16678395496129";82;"5.77058409570725";193;931;300
"LE POUT";33335;"NON";278;73;0;0;9;"3.23741007194245";;210;59
"PRECHAC";33336;"NON";643;137;31;"4.82115085536547";52;"8.08709175738725";109;245;95
"PREIGNAC";33337;"NON";1239;337;101;"8.15173527037934";141;"11.3801452784504";361;809;280
"PRIGNAC-EN-MEDOC";33338;"NON";114;21;0;0;7;"6.14035087719298";;32;14
"PRIGNAC-ET-MARCAMPS";33339;"NON";792;190;40;"5.05050505050505";62;"7.82828282828283";145;480;158
"PUGNAC";33341;"NON";1265;341;52;"4.11067193675889";90;"7.11462450592885";235;856;267
"PUISSEGUIN";33342;"NON";493;85;10;"2.02839756592292";22;"4.46247464503043";56;196;68
"PUJOLS-SUR-CIRON";33343;"NON";458;98;16;"3.49344978165939";30;"6.55021834061135";71;237;78
"PUJOLS";33344;"NON";341;73;19;"5.57184750733138";29;"8.50439882697947";72;157;56
"LE PUY";33345;"NON";204;43;11;"5.3921568627451";13;"6.37254901960784";48;137;37
"PUYBARBAN";33346;"NON";211;53;16;"7.58293838862559";21;"9.95260663507109";62;146;42
"PUYNORMAND";33347;"NON";158;35;5;"3.16455696202532";16;"10.126582278481";45;71;26
"QUEYRAC";33348;"NON";832;175;58;"6.97115384615385";92;"11.0576923076923";207;407;151
"QUINSAC";33349;"NON";1094;293;25;"2.28519195612431";57;"5.21023765996344";133;679;210
"RAUZAN";33350;"NON";713;170;34;"4.76858345021038";57;"7.99438990182328";136;387;130
"REIGNAC";33351;"NON";897;231;67;"7.46934225195095";91;"10.1449275362319";207;556;196
"LA REOLE";33352;"NON";2663;1162;505;"18.9635749155088";569;"21.3668794592565";1202;2056;946
"RIMONS";33353;"NON";107;16;0;0;;0;27;40;13
"RIOCAUD";33354;"NON";104;27;0;0;8;"7.69230769230769";;61;22
"RIONS";33355;"NON";917;216;46;"5.01635768811341";76;"8.28789531079607";180;500;179
"LA RIVIERE";33356;"NON";211;47;7;"3.3175355450237";18;"8.53080568720379";41;98;35
"ROAILLAN";33357;"NON";772;225;22;"2.84974093264249";34;"4.40414507772021";96;613;178
"ROMAGNE";33358;"NON";234;70;17;"7.26495726495727";22;"9.4017094017094";66;196;58
"ROQUEBRUNE";33359;"NON";137;27;5;"3.64963503649635";13;"9.48905109489051";40;76;24
"LA ROQUILLE";33360;"NON";180;47;9;5;18;10;54;121;37
"RUCH";33361;"NON";312;63;0;0;18;"5.76923076923077";46;162;50
"SABLONS";33362;"NON";726;177;40;"5.50964187327824";73;"10.0550964187328";176;463;150
"SADIRAC";33363;"NON";2092;606;63;"3.01147227533461";122;"5.83173996175908";303;1479;458
"SAILLANS";33364;"NON";205;45;0;0;7;"3.41463414634146";;108;34
"SAINT-AIGNAN";33365;"NON";122;23;0;0;7;"5.73770491803279";;62;19
"SAINT-ANDRE-DE-CUBZAC";33366;"NON";5883;1903;396;"6.73125956144824";614;"10.4368519462859";1374;4120;1482
"SAINT-ANDRE-DU-BOIS";33367;"NON";232;43;6;"2.58620689655172";15;"6.46551724137931";42;134;41
"SAINT-ANDRE-ET-APPELLES";33369;"NON";402;76;15;"3.73134328358209";29;"7.21393034825871";80;189;62
"SAINT-ANDRONY";33370;"NON";332;78;23;"6.92771084337349";35;"10.5421686746988";69;180;69
"SAINT-ANTOINE";33371;"NON";236;64;14;"5.93220338983051";26;"11.0169491525424";64;156;55
"SAINT-ANTOINE-DU-QUEYRET";33372;"NON";36;0;0;0;;0;;;
"SAINT-ANTOINE-SUR-L'ISLE";33373;"NON";314;87;17;"5.4140127388535";32;"10.1910828025478";84;244;78
"SAINT-AUBIN-DE-BLAYE";33374;"NON";431;116;30;"6.96055684454756";47;"10.9048723897912";128;305;101
"SAINT-AUBIN-DE-BRANNE";33375;"NON";205;28;0;0;9;"4.39024390243902";21;70;23
"SAINT-AUBIN-DE-MEDOC";33376;"OUI";3118;854;75;"2.40538806927518";132;"4.23348300192431";341;1793;524
"SAINT-AVIT-DE-SOULEGE";33377;"NON";46;6;0;0;;0;;;5
"SAINT-AVIT-SAINT-NAZAIRE";33378;"NON";773;202;62;"8.02069857697283";81;"10.4786545924968";229;508;164
"SAINT-BRICE";33379;"NON";226;58;18;"7.9646017699115";8;"3.53982300884956";;89;42
"SAINT-CAPRAIS-DE-BLAYE";33380;"NON";320;91;21;"6.5625";29;"9.0625";86;226;75
"SAINT-CAPRAIS-DE-BORDEAUX";33381;"NON";1572;423;53;"3.37150127226463";91;"5.78880407124682";198;959;319
"SAINT-CHRISTOLY-DE-BLAYE";33382;"NON";1124;368;136;"12.0996441281139";183;"16.2811387900356";465;860;311
"SAINT-CHRISTOLY-MEDOC";33383;"NON";176;24;6;"3.40909090909091";13;"7.38636363636364";29;45;20
"SAINT-CHRISTOPHE-DES-BARDES";33384;"NON";231;40;0;0;20;"8.65800865800866";50;102;35
"SAINT-CHRISTOPHE-DE-DOUBLE";33385;"NON";388;87;17;"4.38144329896907";33;"8.50515463917526";97;238;75
"SAINT-CIBARD";33386;"NON";102;15;0;0;;0;;41;14
"SAINT-CIERS-D'ABZAC";33387;"NON";695;226;74;"10.6474820143885";100;"14.3884892086331";262;599;197
"SAINT-CIERS-DE-CANESSE";33388;"NON";428;108;26;"6.07476635514019";36;"8.41121495327103";89;286;93
"SAINT-CIERS-SUR-GIRONDE";33389;"NON";1803;487;152;"8.43039378813089";211;"11.7027176927343";543;1106;395
"SAINTE-COLOMBE";33390;"NON";213;45;7;"3.28638497652582";16;"7.51173708920188";49;123;35
"SAINT-COME";33391;"NON";173;32;0;0;10;"5.78034682080925";31;84;24
"SAINTE-CROIX-DU-MONT";33392;"NON";485;152;43;"8.8659793814433";64;"13.1958762886598";148;409;141
"SAINT-DENIS-DE-PILE";33393;"NON";2845;839;230;"8.08435852372583";340;"11.9507908611599";912;2114;696
"SAINT-EMILION";33394;"NON";1076;174;33;"3.06691449814126";57;"5.29739776951673";137;395;134
"SAINT-ESTEPHE";33395;"NON";1024;182;41;"4.00390625";70;"6.8359375";170;418;153
"SAINT-ETIENNE-DE-LISSE";33396;"NON";142;14;0;0;7;"4.92957746478873";;31;12
"SAINTE-EULALIE";33397;"NON";2334;666;170;"7.28363324764353";230;"9.85432733504713";640;1642;512
"SAINT-EXUPERY";33398;"NON";87;18;0;0;5;"5.74712643678161";;46;14
"SAINT-FELIX-DE-FONCAUDE";33399;"NON";172;22;0;0;9;"5.23255813953488";24;59;18
"SAINT-FERME";33400;"NON";206;37;6;"2.9126213592233";14;"6.79611650485437";30;79;30
"SAINTE-FLORENCE";33401;"NON";84;14;0;0;6;"7.14285714285714";;39;13
"SAINTE-FOY-LA-GRANDE";33402;"NON";1656;736;315;"19.0217391304348";349;"21.0748792270531";766;1043;498
"SAINTE-FOY-LA-LONGUE";33403;"NON";60;11;0;0;;0;;39;10
"SAINTE-GEMME";33404;"NON";108;21;5;"4.62962962962963";9;"8.33333333333333";21;51;18
"SAINT-GENES-DE-BLAYE";33405;"NON";276;63;12;"4.34782608695652";20;"7.2463768115942";44;126;42
"SAINT-GENES-DE-CASTILLON";33406;"NON";216;33;0;0;9;"4.16666666666667";22;91;26
"SAINT-GENES-DE-FRONSAC";33407;"NON";376;109;7;"1.86170212765957";26;"6.91489361702128";61;286;88
"SAINT-GENES-DE-LOMBAUD";33408;"NON";178;44;0;0;7;"3.93258426966292";20;124;35
"SAINT-GENIS-DU-BOIS";33409;"NON";53;5;0;0;;0;;;5
"SAINT-GERMAIN-DE-GRAVE";33411;"NON";86;21;0;0;6;"6.97674418604651";;43;13
"SAINT-GERMAIN-D'ESTEUIL";33412;"NON";656;130;20;"3.04878048780488";42;"6.40243902439024";111;351;108
"SAINT-GERMAIN-DU-PUCH";33413;"NON";1168;271;42;"3.5958904109589";65;"5.56506849315069";151;649;206
"SAINT-GERMAIN-DE-LA-RIVIERE";33414;"NON";191;55;0;0;15;"7.85340314136126";41;146;47
"SAINT-GERVAIS";33415;"NON";920;278;41;"4.45652173913043";73;"7.93478260869565";179;765;238
"SAINT-GIRONS-D'AIGUEVIVES";33416;"NON";544;137;25;"4.59558823529412";51;"9.375";132;365;120
"SAINTE-HELENE";33417;"NON";1335;392;41;"3.07116104868914";81;"6.06741573033708";208;944;285
"SAINT-HILAIRE-DE-LA-NOAILLE";33418;"NON";210;59;16;"7.61904761904762";28;"13.3333333333333";44;107;48
"SAINT-HILAIRE-DU-BOIS";33419;"NON";50;0;0;0;;0;;;
"SAINT-HIPPOLYTE";33420;"NON";91;10;0;0;;0;;;7
"SAINT-JEAN-DE-BLAIGNAC";33421;"NON";228;42;5;"2.19298245614035";11;"4.82456140350877";;95;33
"SAINT-JEAN-D'ILLAC";33422;"NON";3585;1052;105;"2.92887029288703";190;"5.29986052998605";448;2178;689
"SAINT-JULIEN-BEYCHEVELLE";33423;"NON";359;63;15;"4.17827298050139";28;"7.79944289693593";66;172;56
"SAINT-LAURENT-MEDOC";33424;"NON";2548;648;112;"4.3956043956044";169;"6.63265306122449";427;1635;525
"SAINT-LAURENT-D'ARCE";33425;"NON";710;187;14;"1.97183098591549";32;"4.50704225352113";78;516;153
"SAINT-LAURENT-DES-COMBES";33426;"NON";169;22;0;0;6;"3.55029585798817";;42;16
"SAINT-LAURENT-DU-BOIS";33427;"NON";136;34;0;0;12;"8.82352941176471";33;106;31
"SAINT-LAURENT-DU-PLAN";33428;"NON";60;14;0;0;5;"8.33333333333333";;31;12
"SAINT-LEGER-DE-BALSON";33429;"NON";178;58;8;"4.49438202247191";15;"8.42696629213483";31;132;42
"SAINT-LEON";33431;"NON";177;43;5;"2.82485875706215";10;"5.64971751412429";25;129;38
"SAINT-LOUBERT";33432;"NON";101;28;5;"4.95049504950495";8;"7.92079207920792";28;91;26
"SAINT-LOUBES";33433;"NON";4709;1302;202;"4.28965810150775";305;"6.47695901465279";779;3082;988
"SAINT-LOUIS-DE-MONTFERRAND";33434;"OUI";1162;358;84;"7.2289156626506";134;"11.5318416523236";308;865;300
"SAINT-MACAIRE";33435;"NON";1145;396;105;"9.1703056768559";136;"11.8777292576419";314;834;308
"SAINT-MAGNE";33436;"NON";515;148;21;"4.07766990291262";31;"6.01941747572816";66;424;124
"SAINT-MAGNE-DE-CASTILLON";33437;"NON";1098;188;46;"4.18943533697632";69;"6.28415300546448";173;504;167
"SAINT-MAIXANT";33438;"NON";971;258;52;"5.35530381050463";78;"8.03295571575695";223;726;215
"SAINT-MARIENS";33439;"NON";836;245;51;"6.10047846889952";72;"8.61244019138756";204;710;215
"SAINT-MARTIAL";33440;"NON";133;31;5;"3.7593984962406";10;"7.5187969924812";;71;25
"SAINT-MARTIN-LACAUSSADE";33441;"NON";655;145;33;"5.0381679389313";47;"7.17557251908397";92;308;113
"SAINT-MARTIN-DE-LAYE";33442;"NON";280;64;15;"5.35714285714286";20;"7.14285714285714";42;169;54
"SAINT-MARTIN-DE-LERM";33443;"NON";75;14;0;0;;0;;21;8
"SAINT-MARTIN-DE-SESCAS";33444;"NON";309;59;0;0;11;"3.55987055016181";36;166;46
"SAINT-MARTIN-DU-BOIS";33445;"NON";444;125;27;"6.08108108108108";48;"10.8108108108108";129;329;106
"SAINT-MARTIN-DU-PUY";33446;"NON";112;20;0;0;9;"8.03571428571429";;40;14
"SAINT-MEDARD-DE-GUIZIERES";33447;"NON";1397;440;143;"10.2362204724409";192;"13.7437365783822";478;1055;374
"SAINT-MEDARD-D'EYRANS";33448;"NON";1517;372;30;"1.977587343441";75;"4.94396835860251";182;887;276
"SAINT-MEDARD-EN-JALLES";33449;"OUI";15744;4225;604;"3.83638211382114";982;"6.23729674796748";2207;8811;2981
"SAINT-MICHEL-DE-CASTELNAU";33450;"NON";140;32;13;"9.28571428571429";16;"11.4285714285714";38;80;29
"SAINT-MICHEL-DE-FRONSAC";33451;"NON";290;54;7;"2.41379310344828";17;"5.86206896551724";45;116;40
"SAINT-MICHEL-DE-RIEUFRET";33452;"NON";346;80;20;"5.78034682080925";24;"6.9364161849711";36;182;67
"SAINT-MICHEL-DE-LAPUJADE";33453;"NON";120;19;0;0;9;"7.5";;47;17
"SAINT-MORILLON";33454;"NON";801;225;12;"1.49812734082397";35;"4.36953807740325";73;523;154
"SAINT-PALAIS";33456;"NON";266;56;12;"4.51127819548872";19;"7.14285714285714";53;125;41
"SAINT-PARDON-DE-CONQUES";33457;"NON";317;91;26;"8.2018927444795";33;"10.410094637224";75;217;73
"SAINT-PAUL";33458;"NON";524;113;20;"3.81679389312977";30;"5.72519083969466";88;267;87
"SAINT-PEY-D'ARMENS";33459;"NON";158;8;0;0;;0;;25;7
"SAINT-PEY-DE-CASTETS";33460;"NON";352;61;5;"1.42045454545455";18;"5.11363636363636";47;149;49
"SAINT-PHILIPPE-D'AIGUILLE";33461;"NON";226;37;13;"5.75221238938053";15;"6.63716814159292";35;80;29
"SAINT-PHILIPPE-DU-SEIGNAL";33462;"NON";260;46;7;"2.69230769230769";15;"5.76923076923077";36;88;30
"SAINT-PIERRE-D'AURILLAC";33463;"NON";747;200;40;"5.35475234270415";68;"9.10307898259705";195;476;160
"SAINT-PIERRE-DE-BAT";33464;"NON";183;30;0;0;9;"4.91803278688525";22;80;26
"SAINT-PIERRE-DE-MONS";33465;"NON";598;158;44;"7.35785953177258";59;"9.86622073578595";178;417;126
"SAINT-QUENTIN-DE-BARON";33466;"NON";1238;400;54;"4.36187399030695";127;"10.2584814216478";270;959;348
"SAINT-QUENTIN-DE-CAPLONG";33467;"NON";144;18;0;0;5;"3.47222222222222";;46;15
"SAINTE-RADEGONDE";33468;"NON";253;35;6;"2.37154150197628";14;"5.53359683794466";35;99;30
"SAINT-ROMAIN-LA-VIRVEE";33470;"NON";440;97;13;"2.95454545454545";33;"7.5";78;244;78
"SAINT-SAUVEUR";33471;"NON";701;99;25;"3.56633380884451";35;"4.99286733238231";85;277;88
"SAINT-SAUVEUR-DE-PUYNORMAND";33472;"NON";196;42;0;0;15;"7.6530612244898";35;90;32
"SAINT-SAVIN";33473;"NON";1684;562;93;"5.52256532066508";157;"9.32304038004751";405;1486;470
"SAINT-SELVE";33474;"NON";1324;384;33;"2.49244712990937";55;"4.15407854984894";122;942;275
"SAINT-SEURIN-DE-BOURG";33475;"NON";220;38;0;0;13;"5.90909090909091";28;103;34
"SAINT-SEURIN-DE-CADOURNE";33476;"NON";411;60;24;"5.83941605839416";30;"7.2992700729927";86;151;51
"SAINT-SEURIN-DE-CURSAC";33477;"NON";468;97;20;"4.27350427350427";37;"7.90598290598291";94;205;73
"SAINT-SEURIN-SUR-L'ISLE";33478;"NON";1943;632;190;"9.77869274318065";265;"13.6387030365414";648;1303;504
"SAINT-SEVE";33479;"NON";132;32;0;0;6;"4.54545454545455";;82;26
"SAINT-SULPICE-DE-FALEYRENS";33480;"NON";838;146;23;"2.74463007159905";52;"6.20525059665871";125;288;105
"SAINT-SULPICE-DE-GUILLERAGUES";33481;"NON";125;30;0;0;10;8;22;71;23
"SAINT-SULPICE-DE-POMMIERS";33482;"NON";133;25;5;"3.7593984962406";9;"6.76691729323308";;54;21
"SAINT-SULPICE-ET-CAMEYRAC";33483;"NON";2445;621;100;"4.08997955010225";152;"6.21676891615542";357;1417;473
"SAINT-SYMPHORIEN";33484;"NON";1102;300;56;"5.08166969147005";92;"8.34845735027223";230;656;219
"SAINTE-TERRE";33485;"NON";1106;230;39;"3.52622061482821";67;"6.05786618444846";138;556;188
"SAINT-TROJAN";33486;"NON";171;40;0;0;14;"8.18713450292398";27;101;33
"SAINT-VINCENT-DE-PAUL";33487;"OUI";554;147;48;"8.66425992779783";64;"11.5523465703971";150;418;133
"SAINT-VINCENT-DE-PERTIGNAS";33488;"NON";230;37;5;"2.17391304347826";12;"5.21739130434783";27;92;29
"SAINT-VIVIEN-DE-BLAYE";33489;"NON";193;40;10;"5.18134715025907";9;"4.66321243523316";23;114;33
"SAINT-VIVIEN-DE-MEDOC";33490;"NON";1128;280;77;"6.82624113475177";110;"9.75177304964539";255;539;213
"SAINT-VIVIEN-DE-MONSEGUR";33491;"NON";207;32;11;"5.31400966183575";15;"7.2463768115942";35;71;26
"SAINT-YZAN-DE-SOUDIAC";33492;"NON";1240;487;120;"9.67741935483871";182;"14.6774193548387";468;1222;413
"SAINT-YZANS-DE-MEDOC";33493;"NON";233;32;13;"5.5793991416309";20;"8.58369098712446";45;82;31
"SALAUNES";33494;"NON";429;112;0;0;14;"3.26340326340326";45;316;86
"SALIGNAC";33495;"NON";829;225;22;"2.65379975874548";50;"6.0313630880579";141;603;181
"SALLEBOEUF";33496;"NON";1171;261;23;"1.96413321947054";48;"4.09906063193851";129;527;159
"SALLES";33498;"NON";3461;928;119;"3.43831262640855";226;"6.52990465183473";538;2200;686
"LES SALLES-DE-CASTILLON";33499;"NON";208;44;7;"3.36538461538462";16;"7.69230769230769";39;116;40
"SAMONAC";33500;"NON";252;48;16;"6.34920634920635";20;"7.93650793650794";42;98;38
"SAUCATS";33501;"NON";1315;342;18;"1.36882129277567";46;"3.49809885931559";115;839;245
"SAUGON";33502;"NON";228;72;20;"8.7719298245614";28;"12.280701754386";74;205;62
"SAUMOS";33503;"NON";276;72;5;"1.81159420289855";16;"5.79710144927536";39;200;61
"SAUTERNES";33504;"NON";413;113;23;"5.56900726392252";32;"7.74818401937046";83;273;87
"LA SAUVE";33505;"NON";783;191;18;"2.29885057471264";47;"6.00255427841635";114;505;157
"SAUVETERRE-DE-GUYENNE";33506;"NON";1163;306;96;"8.25451418744626";115;"9.88822012037833";264;568;235
"SAUVIAC";33507;"NON";193;45;5;"2.59067357512953";15;"7.7720207253886";29;100;36
"SAVIGNAC";33508;"NON";324;94;10;"3.08641975308642";25;"7.71604938271605";66;259;80
"SAVIGNAC-DE-L'ISLE";33509;"NON";293;60;13;"4.43686006825939";22;"7.50853242320819";51;155;52
"SEMENS";33510;"NON";106;24;0;0;;0;;61;20
"SENDETS";33511;"NON";198;39;0;0;9;"4.54545454545455";21;105;32
"SIGALENS";33512;"NON";202;47;10;"4.95049504950495";21;"10.3960396039604";48;105;38
"SILLAS";33513;"NON";62;14;0;0;;0;;23;9
"SOULAC-SUR-MER";33514;"NON";1967;431;98;"4.98220640569395";166;"8.43924758515506";367;689;282
"SOULIGNAC";33515;"NON";237;38;0;0;11;"4.64135021097046";22;97;32
"SOUSSAC";33516;"NON";96;15;0;0;;0;25;34;11
"SOUSSANS";33517;"NON";865;209;33;"3.8150289017341";58;"6.70520231213873";162;579;168
"TABANAC";33518;"NON";538;129;11;"2.04460966542751";40;"7.43494423791822";102;322;100
"LE TAILLAN-MEDOC";33519;"OUI";5012;1331;189;"3.77094972067039";279;"5.56664006384677";648;2938;948
"TAILLECAVAT";33520;"NON";140;28;5;"3.57142857142857";12;"8.57142857142857";42;85;24
"TALAIS";33521;"NON";449;101;37;"8.24053452115813";43;"9.57683741648107";97;254;92
"TALENCE";33522;"OUI";22279;13480;2892;"12.9808339692087";3822;"17.1551685443691";7723;15348;6803
"TARGON";33523;"NON";1155;287;43;"3.72294372294372";73;"6.32034632034632";169;653;214
"TARNES";33524;"NON";154;31;0;0;9;"5.84415584415584";24;89;26
"TAURIAC";33525;"NON";726;180;31;"4.26997245179063";61;"8.40220385674931";150;428;145
"TAYAC";33526;"NON";79;11;0;0;;0;;23;7
"LE TEICH";33527;"NON";4241;1161;155;"3.65479839660457";303;"7.14454138174959";695;2550;869
"LE TEMPLE";33528;"NON";331;59;0;0;14;"4.22960725075529";38;160;49
"LA TESTE-DE-BUCH";33529;"NON";15832;3493;738;"4.66144517433047";1226;"7.74381000505306";2560;6936;2672
"TEUILLAC";33530;"NON";452;117;20;"4.42477876106195";34;"7.52212389380531";94;324;98
"TIZAC-DE-CURTON";33531;"NON";176;35;0;0;8;"4.54545454545455";20;104;31
"TIZAC-DE-LAPOUYADE";33532;"NON";266;53;8;"3.00751879699248";17;"6.39097744360902";41;139;45
"TOULENNE";33533;"NON";1476;425;119;"8.06233062330623";170;"11.5176151761518";475;1075;361
"LE TOURNE";33534;"NON";464;117;6;"1.29310344827586";23;"4.95689655172414";46;265;91
"TRESSES";33535;"NON";2213;591;79;"3.56981473113421";134;"6.05512878445549";303;1267;420
"LE TUZAN";33536;"NON";140;37;0;0;12;"8.57142857142857";34;99;31
"UZESTE";33537;"NON";263;60;20;"7.60456273764259";24;"9.1254752851711";61;134;48
"VALEYRAC";33538;"NON";295;56;18;"6.10169491525424";32;"10.8474576271186";98;175;52
"VAYRES";33539;"NON";1960;571;65;"3.31632653061224";128;"6.53061224489796";302;1286;416
"VENDAYS-MONTALIVET";33540;"NON";1684;379;110;"6.53206650831354";165;"9.79809976247031";353;688;289
"VENSAC";33541;"NON";573;121;32;"5.58464223385689";58;"10.1221640488656";136;268;99
"VERAC";33542;"NON";451;120;12;"2.66075388026608";24;"5.32150776053215";61;329;98
"VERDELAIS";33543;"NON";592;163;56;"9.45945945945946";77;"13.0067567567568";173;373;139
"LE VERDON-SUR-MER";33544;"NON";988;210;68;"6.88259109311741";108;"10.9311740890688";228;411;179
"VERTHEUIL";33545;"NON";703;152;41;"5.8321479374111";53;"7.53911806543385";96;322;115
"VIGNONET";33546;"NON";254;35;0;0;8;"3.1496062992126";27;89;25
"VILLANDRAUT";33547;"NON";578;180;48;"8.30449826989619";63;"10.8996539792388";153;412;143
"VILLEGOUGE";33548;"NON";639;164;32;"5.00782472613459";39;"6.10328638497653";85;419;133
"VILLENAVE-DE-RIONS";33549;"NON";166;42;0;0;11;"6.62650602409639";;113;35
"VILLENAVE-D'ORNON";33550;"OUI";17490;4849;884;"5.05431675242996";1479;"8.45626072041166";3325;9958;3669
"VILLENEUVE";33551;"NON";217;47;6;"2.76497695852535";20;"9.21658986175115";41;103;40
"VIRELADE";33552;"NON";546;146;20;"3.66300366300366";40;"7.32600732600733";97;380;122
"VIRSAC";33553;"NON";523;153;41;"7.83938814531549";58;"11.0898661567878";150;419;129
"YVRAC";33554;"NON";1560;376;46;"2.94871794871795";91;"5.83333333333333";189;770;281
"MARCHEPRIME";33555;"NON";2305;697;61;"2.64642082429501";141;"6.11713665943601";340;1603;493
